Occupation,Wage,Growth,Risk,Risk_voted,Score,Popularity,Risk Category,Wage Category
Computer Programmers,99700,-9.60,70.12,60.91,3.80,100,4 High Risk,3 Middle Income
Lawyers,145760,5.20,22.98,34.55,7.70,71,2 Low Risk,4 Upper Middle Income
Web Developers,84960,9.00,53.36,69.02,5.40,62,3 Moderate Risk,2 Lower Middle Income
Graphic Designers,58910,2.50,47.11,70.87,4.10,55,3 Moderate Risk,2 Lower Middle Income
Accountants and Auditors,79880,5.80,69.08,59.63,5.20,53,4 High Risk,2 Lower Middle Income
Mechanical Engineers,99510,11.00,30.38,31.66,7.90,39,2 Low Risk,3 Middle Income
Computer Systems Engineers/Architects,104920,10.80,33.59,45.03,7.10,37,2 Low Risk,3 Middle Income
Civil Engineers,95890,6.50,0.00,28.61,8.50,33,1 Minimal Risk,3 Middle Income
Electrical Engineers,106950,9.10,25.29,27.82,8.10,32,2 Low Risk,3 Middle Income
Commercial Pilots,113080,5.70,55.11,41.30,6.20,31,3 Moderate Risk,3 Middle Income
"Bookkeeping, Accounting, and Auditing Clerks",47440,-5.00,100.00,88.51,2.20,30,5 Imminent Risk,1 Low Income
Marketing Managers,157620,8.20,24.09,53.03,7.30,28,2 Low Risk,4 Upper Middle Income
Chemical Engineers,112100,9.80,11.41,24.23,8.10,23,1 Minimal Risk,3 Middle Income
Electrical and Electronic Engineering Technologists and Technicians,72800,3.00,50.95,39.00,5.10,21,3 Moderate Risk,2 Lower Middle Income
Business Intelligence Analysts,108020,36.00,73.52,59.71,5.90,16,4 High Risk,3 Middle Income
Postsecondary Teachers,82270,6.80,16.86,33.68,7.70,14,1 Minimal Risk,2 Lower Middle Income
Financial and Investment Analysts,99010,9.50,77.18,63.66,5.50,14,4 High Risk,3 Middle Income
Writers and Authors,73690,5.10,60.22,46.85,4.90,14,4 High Risk,2 Lower Middle Income
Video Game Designers,98540,7.90,40.75,39.72,6.90,13,3 Moderate Risk,3 Middle Income
Electricians,61590,10.80,6.84,15.51,8.30,13,1 Minimal Risk,2 Lower Middle Income
"Teaching Assistants, Preschool, Elementary, Middle, and Secondary School, Except Special Education",35550,-0.60,56.15,42.25,3.80,12,3 Moderate Risk,1 Low Income
"Dentists, General",166300,4.80,0.00,16.96,8.20,12,1 Minimal Risk,4 Upper Middle Income
Nurse Practitioners,126260,46.30,0.00,15.49,9.20,12,1 Minimal Risk,4 Upper Middle Income
Taxi Drivers,34680,13.30,79.18,88.39,3.10,12,4 High Risk,1 Low Income
Pharmacists,136030,5.40,31.40,64.90,6.20,12,2 Low Risk,4 Upper Middle Income
"Preschool, Elementary, Middle, Secondary, and Special Education Teachers",63280,-0.10,10.52,38.90,5.80,11,1 Minimal Risk,2 Lower Middle Income
Clinical and Counseling Psychologists,96100,13.30,10.63,28.41,8.40,11,1 Minimal Risk,3 Middle Income
Computer Hardware Engineers,138080,7.20,35.46,20.97,7.90,11,2 Low Risk,4 Upper Middle Income
"Architects, Except Landscape and Naval",93310,7.80,0.00,34.61,8.00,11,1 Minimal Risk,3 Middle Income
Veterinarians,119100,19.10,6.83,19.13,8.80,11,1 Minimal Risk,3 Middle Income
Interpreters and Translators,57090,2.30,70.40,72.49,3.10,11,4 High Risk,2 Lower Middle Income
"Airline Pilots, Copilots, and Flight Engineers",219140,5.00,65.46,37.74,5.90,11,4 High Risk,5 High Income
Database Architects,134700,10.80,50.65,46.08,6.80,11,3 Moderate Risk,4 Upper Middle Income
Software Quality Assurance Analysts and Testers,101800,11.80,58.48,58.79,6.10,11,3 Moderate Risk,3 Middle Income
Information Security Analysts,120360,32.70,57.98,44.18,6.80,11,3 Moderate Risk,3 Middle Income
Actuaries,120000,21.80,60.91,38.27,6.60,11,4 High Risk,3 Middle Income
Information Technology Project Managers,104920,10.80,21.76,29.42,8.00,11,2 Low Risk,3 Middle Income
Bioengineers and Biomedical Engineers,100730,7.40,1.45,30.86,7.60,11,1 Minimal Risk,3 Middle Income
Aerospace Engineers,130720,6.00,38.75,25.80,7.70,10,2 Low Risk,4 Upper Middle Income
Police and Sheriff's Patrol Officers,72280,3.90,6.40,22.73,7.40,10,1 Minimal Risk,2 Lower Middle Income
Dietitians and Nutritionists,69680,7.40,8.31,51.37,6.30,10,1 Minimal Risk,2 Lower Middle Income
Psychiatrists,226880,7.60,0.00,26.63,8.60,10,1 Minimal Risk,5 High Income
Architectural and Civil Drafters,61820,1.10,45.89,52.39,4.40,10,3 Moderate Risk,2 Lower Middle Income
Statisticians,104110,11.80,51.70,62.54,5.90,10,3 Moderate Risk,3 Middle Income
Financial Managers,156100,16.50,59.87,49.53,6.70,10,3 Moderate Risk,4 Upper Middle Income
Chemists,84680,7.60,45.91,33.50,6.80,10,3 Moderate Risk,2 Lower Middle Income
Personal Financial Advisors,99580,17.10,43.44,42.94,7.00,9,3 Moderate Risk,3 Middle Income
Human Resources Managers,136350,6.50,12.15,38.61,7.70,9,1 Minimal Risk,4 Upper Middle Income
"Electronics Engineers, Except Computer",119200,9.10,45.58,32.45,7.50,9,3 Moderate Risk,3 Middle Income
Economists,115730,5.10,50.52,44.69,5.60,9,3 Moderate Risk,3 Middle Income
Physicists,155680,7.20,0.58,16.39,8.30,9,1 Minimal Risk,4 Upper Middle Income
Film and Video Editors,66600,4.70,71.94,52.74,4.10,9,4 High Risk,2 Lower Middle Income
Radiologic Technologists and Technicians,73410,5.80,58.23,39.52,5.60,9,3 Moderate Risk,2 Lower Middle Income
Chefs and Head Cooks,58920,8.30,9.03,29.93,7.20,9,1 Minimal Risk,2 Lower Middle Income
"Plumbers, Pipefitters, and Steamfitters",61550,5.60,21.95,22.38,7.30,9,2 Low Risk,2 Lower Middle Income
Database Administrators,101510,8.20,57.16,54.69,5.90,9,3 Moderate Risk,3 Middle Income
Computer Systems Analysts,103800,10.70,64.63,35.03,6.90,9,4 High Risk,3 Middle Income
General Internal Medicine Physicians,223310,3.40,0.00,32.99,7.50,9,1 Minimal Risk,5 High Income
Computer and Information Systems Managers,169510,17.40,38.51,33.20,8.30,9,2 Low Risk,4 Upper Middle Income
Data Warehousing Specialists,134700,10.80,77.03,58.44,5.90,8,4 High Risk,4 Upper Middle Income
Robotics Engineers,111970,5.00,18.67,23.26,7.60,8,1 Minimal Risk,3 Middle Income
Producers and Directors,82510,8.00,32.85,24.57,7.70,8,2 Low Risk,2 Lower Middle Income
Special Effects Artists and Animators,99060,4.30,69.59,58.40,4.60,8,4 High Risk,3 Middle Income
Physical Therapists,99710,14.20,0.00,23.38,8.80,8,1 Minimal Risk,3 Middle Income
Computer and Information Research Scientists,145080,25.60,31.26,28.81,7.70,8,2 Low Risk,4 Upper Middle Income
Naturopathic Physicians,107990,2.60,3.16,42.19,6.40,8,1 Minimal Risk,3 Middle Income
Financial Quantitative Analysts,78310,6.20,70.10,47.22,5.30,8,4 High Risk,2 Lower Middle Income
Mathematicians,116440,3.70,28.14,27.95,6.80,8,2 Low Risk,3 Middle Income
Sales Managers,135160,5.90,28.76,37.31,7.90,8,2 Low Risk,4 Upper Middle Income
Biochemists and Biophysicists,107460,9.00,2.23,29.88,8.00,8,1 Minimal Risk,3 Middle Income
Network and Computer Systems Administrators,95360,-2.60,57.94,38.57,5.10,8,3 Moderate Risk,3 Middle Income
Mechatronics Engineers,111970,5.00,48.16,29.56,6.90,7,3 Moderate Risk,3 Middle Income
Food Scientists and Technologists,82090,8.90,43.51,33.46,6.40,7,3 Moderate Risk,2 Lower Middle Income
Registered Nurses,86070,6.00,9.59,22.48,8.30,7,1 Minimal Risk,3 Middle Income
Diagnostic Medical Sonographers,84470,15.10,48.92,37.92,6.80,7,3 Moderate Risk,2 Lower Middle Income
Physician Assistants,130020,28.50,0.00,30.82,8.70,7,1 Minimal Risk,4 Upper Middle Income
Fashion Designers,79290,4.70,22.56,32.06,6.50,7,2 Low Risk,2 Lower Middle Income
Security Guards,37070,2.20,41.58,44.45,4.30,7,3 Moderate Risk,1 Low Income
Cashiers,29720,-10.60,87.61,94.35,1.40,7,5 Imminent Risk,1 Low Income
Carpenters,56350,4.20,17.47,33.21,6.30,7,1 Minimal Risk,2 Lower Middle Income
Air Traffic Controllers,137380,2.90,48.61,46.84,5.40,7,3 Moderate Risk,4 Upper Middle Income
Chief Executives,206680,5.50,0.00,23.48,8.30,7,1 Minimal Risk,5 High Income
Athletes and Sports Competitors,70280,11.10,16.19,12.67,7.80,7,1 Minimal Risk,2 Lower Middle Income
"News Analysts, Reporters, and Journalists",57500,-2.70,49.00,62.84,3.30,7,3 Moderate Risk,2 Lower Middle Income
Retail Salespersons,33680,0.10,68.53,73.31,2.50,7,4 High Risk,1 Low Income
Occupational Therapists,96370,11.10,0.00,19.28,8.90,7,1 Minimal Risk,3 Middle Income
Search Marketing Strategists,74680,8.30,59.03,55.53,5.60,7,3 Moderate Risk,2 Lower Middle Income
Family Medicine Physicians,224640,4.80,18.61,14.20,8.00,7,1 Minimal Risk,5 High Income
Management Analysts,99410,10.60,20.79,35.52,7.90,7,2 Low Risk,3 Middle Income
Computer User Support Specialists,59240,5.10,58.61,53.95,4.70,6,3 Moderate Risk,2 Lower Middle Income
Mental Health Counselors,53710,18.80,0.00,26.14,8.00,6,1 Minimal Risk,2 Lower Middle Income
Solar Energy Systems Engineers,111970,5.00,19.86,42.50,6.70,6,1 Minimal Risk,3 Middle Income
Petroleum Engineers,135690,2.40,29.53,32.62,6.50,6,2 Low Risk,4 Upper Middle Income
Biologists,91100,5.60,1.48,24.66,7.70,6,1 Minimal Risk,3 Middle Income
Photographers,40760,3.90,34.33,44.62,4.20,6,2 Low Risk,1 Low Income
"Fine Artists, Including Painters, Sculptors, and Illustrators",59300,4.00,64.27,37.20,4.40,6,4 High Risk,2 Lower Middle Income
Detectives and Criminal Investigators,91100,2.30,10.07,21.75,7.10,6,1 Minimal Risk,3 Middle Income
Nurse Anesthetists,212650,10.40,0.00,36.25,8.00,6,1 Minimal Risk,5 High Income
Speech-Language Pathologists,89290,18.40,8.69,20.92,8.60,6,1 Minimal Risk,3 Middle Income
"Cooks, Restaurant",35780,17.00,61.66,31.91,5.60,6,4 High Risk,1 Low Income
Pharmacy Technicians,40300,7.20,66.67,66.44,3.90,6,4 High Risk,1 Low Income
Waiters and Waitresses,31940,1.00,70.25,66.74,2.50,6,4 High Risk,1 Low Income
Telemarketers,34480,-21.50,97.49,90.18,0.90,6,5 Imminent Risk,1 Low Income
Insurance Sales Agents,59080,6.10,80.02,57.34,4.60,6,5 Imminent Risk,2 Lower Middle Income
Optometrists,131860,8.70,22.39,48.09,7.20,6,2 Low Risk,4 Upper Middle Income
Data Entry Keyers,37790,-25.00,100.00,90.63,1.30,6,5 Imminent Risk,1 Low Income
Flight Attendants,68370,9.90,37.52,25.96,7.30,6,2 Low Risk,2 Lower Middle Income
Coaches and Scouts,45910,8.80,0.00,22.03,7.50,6,1 Minimal Risk,1 Low Income
Craft Artists,36600,2.20,54.13,37.88,3.20,6,3 Moderate Risk,1 Low Income
Art Directors,106500,5.20,37.31,31.02,6.90,6,2 Low Risk,3 Middle Income
"Pediatricians, General",198690,2.10,2.11,21.18,7.50,6,1 Minimal Risk,5 High Income
Barbers,36150,6.40,62.15,31.55,4.50,6,4 High Risk,1 Low Income
Customer Service Representatives,39680,-5.00,78.87,82.80,2.20,6,4 High Risk,1 Low Income
Bioinformatics Scientists,91100,5.60,25.42,45.95,6.30,6,2 Low Risk,3 Middle Income
Automotive Engineers,99510,11.00,25.36,33.01,8.20,6,2 Low Risk,3 Middle Income
Health Informatics Specialists,103800,10.70,17.86,68.57,6.70,6,1 Minimal Risk,3 Middle Income
Human Resources Specialists,67650,7.90,55.76,47.40,6.30,6,3 Moderate Risk,2 Lower Middle Income
Security Managers,102340,5.30,0.00,24.43,8.00,6,1 Minimal Risk,3 Middle Income
Loan Officers,69990,1.40,78.90,61.56,3.90,6,4 High Risk,2 Lower Middle Income
Historians,72890,5.70,34.75,28.63,6.30,6,2 Low Risk,2 Lower Middle Income
Construction Managers,104900,9.10,3.15,22.63,8.90,6,1 Minimal Risk,3 Middle Income
"Farmers, Ranchers, and Other Agricultural Managers",83770,-1.60,25.16,37.95,4.90,6,2 Low Risk,2 Lower Middle Income
Materials Scientists,106160,8.70,30.07,33.53,6.80,6,2 Low Risk,3 Middle Income
Urban and Regional Planners,81800,4.30,0.64,22.45,7.60,6,1 Minimal Risk,2 Lower Middle Income
Stockers and Order Fillers,36390,5.90,77.08,73.80,3.40,5,4 High Risk,1 Low Income
Customs Brokers,75670,5.40,85.36,61.43,4.60,5,5 Imminent Risk,2 Lower Middle Income
Supply Chain Managers,99200,9.00,36.73,42.76,7.00,5,2 Low Risk,3 Middle Income
Podiatrists,141650,1.40,12.87,31.70,6.40,5,1 Minimal Risk,4 Upper Middle Income
Architectural and Engineering Managers,165370,5.50,19.02,30.67,7.70,5,1 Minimal Risk,4 Upper Middle Income
Fire-Prevention and Protection Engineers,103690,5.10,7.08,33.33,6.70,5,1 Minimal Risk,3 Middle Income
Environmental Engineers,100090,6.90,3.05,29.45,7.80,5,1 Minimal Risk,3 Middle Income
Surveyors,68540,5.90,30.28,40.87,6.20,5,2 Low Risk,2 Lower Middle Income
Environmental Economists,115730,5.10,51.89,39.58,5.60,5,3 Moderate Risk,3 Middle Income
Credit Analysts,79420,-3.90,100.00,68.17,3.00,5,5 Imminent Risk,2 Lower Middle Income
Budget Analysts,84940,3.90,88.20,62.28,4.00,5,5 Imminent Risk,2 Lower Middle Income
"Energy Engineers, Except Wind and Solar",111970,5.00,11.07,35.00,7.30,5,1 Minimal Risk,3 Middle Income
Astronomers,127930,7.40,12.13,30.79,7.40,5,1 Minimal Risk,4 Upper Middle Income
School Psychologists,84940,0.70,25.58,26.24,6.30,5,2 Low Risk,2 Lower Middle Income
Mechanical Engineering Technologists and Technicians,64020,1.90,42.97,39.51,4.90,5,3 Moderate Risk,2 Lower Middle Income
Paralegals and Legal Assistants,60970,1.20,89.82,63.71,3.30,5,5 Imminent Risk,2 Lower Middle Income
"Secondary School Teachers, Except Special and Career/Technical Education",65220,-0.60,16.27,38.87,5.80,5,1 Minimal Risk,2 Lower Middle Income
Healthcare Social Workers,62940,9.70,0.00,22.90,8.10,5,1 Minimal Risk,2 Lower Middle Income
"Elementary School Teachers, Except Special Education",63680,-0.70,10.55,27.40,6.50,5,1 Minimal Risk,2 Lower Middle Income
"Philosophy and Religion Teachers, Postsecondary",79930,2.00,26.60,22.40,6.50,5,2 Low Risk,2 Lower Middle Income
"Foreign Language and Literature Teachers, Postsecondary",78760,1.00,44.68,48.42,4.70,5,3 Moderate Risk,2 Lower Middle Income
Sports Medicine Physicians,236000,3.90,0.00,16.43,8.50,5,1 Minimal Risk,5 High Income
"Camera Operators, Television, Video, and Film",61800,1.90,58.29,52.86,3.90,5,3 Moderate Risk,2 Lower Middle Income
Intelligence Analysts,91100,2.30,51.07,43.65,5.10,5,3 Moderate Risk,3 Middle Income
Interior Designers,62510,4.00,10.49,39.35,5.90,5,1 Minimal Risk,2 Lower Middle Income
Medical and Clinical Laboratory Technicians,60780,5.30,78.65,53.79,4.80,5,4 High Risk,2 Lower Middle Income
Firefighters,57120,4.20,0.00,16.43,7.30,5,1 Minimal Risk,2 Lower Middle Income
Court Reporters and Simultaneous Captioners,63940,1.80,100.00,75.88,2.30,5,5 Imminent Risk,2 Lower Middle Income
Medical Assistants,42000,15.00,41.22,44.39,5.60,5,3 Moderate Risk,1 Low Income
Music Directors and Composers,62590,2.70,21.23,35.32,5.30,5,2 Low Risk,2 Lower Middle Income
"Poets, Lyricists and Creative Writers",73690,5.10,54.16,33.58,5.60,5,3 Moderate Risk,2 Lower Middle Income
Technical Writers,80050,4.00,93.58,54.46,4.20,5,5 Imminent Risk,2 Lower Middle Income
Postal Service Mail Carriers,56330,-3.00,100.00,54.61,2.80,5,5 Imminent Risk,2 Lower Middle Income
Real Estate Brokers,63060,2.00,58.42,47.59,4.20,5,3 Moderate Risk,2 Lower Middle Income
Anesthesiologist Assistants,130020,28.50,29.00,35.23,8.00,5,2 Low Risk,4 Upper Middle Income
Couriers and Messengers,36710,8.30,96.12,69.14,3.00,5,5 Imminent Risk,1 Low Income
Models,47430,-0.40,89.36,48.38,2.70,5,5 Imminent Risk,1 Low Income
"Janitors and Cleaners, Except Maids and Housekeeping Cleaners",35020,3.10,75.75,59.01,2.90,5,4 High Risk,1 Low Income
"Heating, Air Conditioning, and Refrigeration Mechanics and Installers",57300,9.10,19.74,20.02,7.60,5,1 Minimal Risk,2 Lower Middle Income
Automotive Service Technicians and Mechanics,47770,2.70,58.11,36.34,4.70,5,3 Moderate Risk,1 Low Income
Bakers,34950,5.20,84.12,61.98,3.20,5,5 Imminent Risk,1 Low Income
Sailors and Marine Oilers,48400,3.50,58.20,40.13,4.10,5,3 Moderate Risk,1 Low Income
Heavy and Tractor-Trailer Truck Drivers,54320,4.60,85.61,47.00,4.50,5,5 Imminent Risk,2 Lower Middle Income
Driver/Sales Workers,35420,9.20,92.68,78.46,3.30,5,5 Imminent Risk,1 Low Income
Editors,75020,-2.00,51.05,47.04,4.30,5,3 Moderate Risk,2 Lower Middle Income
Computer Network Support Specialists,71530,7.30,64.84,54.20,5.40,5,4 High Risk,2 Lower Middle Income
Skincare Specialists,43200,10.30,45.42,32.05,5.90,5,3 Moderate Risk,1 Low Income
Medical and Clinical Laboratory Technologists,60780,5.30,58.34,53.33,5.10,5,3 Moderate Risk,2 Lower Middle Income
Neurologists,224260,6.80,0.00,24.08,8.00,5,1 Minimal Risk,5 High Income
Aircraft Mechanics and Service Technicians,75020,5.20,43.50,24.36,6.70,5,3 Moderate Risk,2 Lower Middle Income
Investment Fund Managers,156100,16.50,62.16,45.23,7.00,5,4 High Risk,4 Upper Middle Income
Fast Food and Counter Workers,29540,5.70,96.21,92.10,2.50,5,5 Imminent Risk,1 Low Income
Computer Network Architects,129840,13.40,40.78,37.92,7.40,5,3 Moderate Risk,4 Upper Middle Income
Materials Engineers,104100,7.40,19.78,23.33,7.50,5,1 Minimal Risk,3 Middle Income
Marine Engineers and Naval Architects,100270,8.00,10.24,25.89,7.70,5,1 Minimal Risk,3 Middle Income
Biostatisticians,104110,11.80,36.16,37.50,7.00,5,2 Low Risk,3 Middle Income
"Meeting, Convention, and Event Planners",56920,6.60,10.64,29.07,6.90,5,1 Minimal Risk,2 Lower Middle Income
Compliance Officers,75670,5.40,55.87,43.88,5.80,5,3 Moderate Risk,2 Lower Middle Income
Operations Research Analysts,83640,23.00,42.10,38.10,6.90,5,3 Moderate Risk,2 Lower Middle Income
Tax Preparers,49010,4.20,99.13,73.21,2.80,5,5 Imminent Risk,1 Low Income
Logistics Analysts,79400,19.30,56.52,60.64,6.10,5,3 Moderate Risk,2 Lower Middle Income
Political Scientists,132350,2.60,28.89,20.60,6.80,5,2 Low Risk,4 Upper Middle Income
Zoologists and Wildlife Biologists,70600,4.40,13.83,24.23,6.70,5,1 Minimal Risk,2 Lower Middle Income
Microbiologists,85470,6.70,33.56,32.79,6.70,5,2 Low Risk,3 Middle Income
Mechanical Drafters,64060,-4.90,63.22,58.24,3.30,5,4 High Risk,2 Lower Middle Income
Logistics Engineers,79400,19.30,34.00,47.50,7.00,5,2 Low Risk,2 Lower Middle Income
Manufacturing Engineers,99380,12.20,20.45,39.86,7.80,5,2 Low Risk,3 Middle Income
Human Factors Engineers and Ergonomists,99380,12.20,16.91,40.48,8.00,5,1 Minimal Risk,3 Middle Income
Industrial Engineers,99380,12.20,54.79,36.73,7.30,5,3 Moderate Risk,3 Middle Income
Refuse and Recyclable Material Collectors,45760,2.30,100.00,71.27,2.20,4,5 Imminent Risk,1 Low Income
Crane and Tower Operators,64690,3.70,78.26,48.08,4.20,4,4 High Risk,2 Lower Middle Income
Passenger Attendants,35620,5.80,80.45,72.00,2.70,4,5 Imminent Risk,1 Low Income
"Potters, Manufacturing",43310,5.30,70.61,45.83,4.00,4,4 High Risk,1 Low Income
Critical Care Nurses,86070,6.00,0.00,23.72,8.30,4,1 Minimal Risk,3 Middle Income
Market Research Analysts and Marketing Specialists,74680,8.30,44.17,52.32,6.30,4,3 Moderate Risk,2 Lower Middle Income
Fallers,53170,-8.40,100.00,58.33,1.80,4,5 Imminent Risk,2 Lower Middle Income
Quality Control Systems Managers,116970,2.80,36.08,35.23,6.50,4,2 Low Risk,3 Middle Income
Surveying and Mapping Technicians,48940,5.60,68.05,60.85,4.00,4,4 High Risk,1 Low Income
Wind Energy Engineers,111970,5.00,38.31,25.00,6.40,4,2 Low Risk,3 Middle Income
Photonics Engineers,111970,5.00,39.09,32.69,6.40,4,2 Low Risk,3 Middle Income
Agricultural Engineers,88750,7.80,11.99,38.73,6.70,4,1 Minimal Risk,3 Middle Income
Marriage and Family Therapists,58510,16.20,0.00,25.00,7.70,4,1 Minimal Risk,2 Lower Middle Income
Training and Development Specialists,64340,11.50,20.49,38.45,7.10,4,2 Low Risk,2 Lower Middle Income
Landscape Architects,79320,4.70,0.00,37.06,6.70,4,1 Minimal Risk,2 Lower Middle Income
"Mathematical Science Teachers, Postsecondary",81020,3.30,41.26,31.82,6.00,4,3 Moderate Risk,2 Lower Middle Income
Industrial-Organizational Psychologists,147420,5.80,6.28,25.43,7.40,4,1 Minimal Risk,4 Upper Middle Income
Nuclear Engineers,125460,-0.80,21.79,21.10,6.60,4,2 Low Risk,4 Upper Middle Income
"Mining and Geological Engineers, Including Mining Safety Engineers",100640,2.00,32.09,33.49,5.60,4,2 Low Risk,3 Middle Income
Clergy,58920,2.50,3.79,9.33,6.50,4,1 Minimal Risk,2 Lower Middle Income
"Geoscientists, Except Hydrologists and Geographers",92580,5.50,19.60,31.42,6.80,4,1 Minimal Risk,3 Middle Income
Food Science Technicians,49090,7.30,86.04,81.67,3.10,4,5 Imminent Risk,1 Low Income
"History Teachers, Postsecondary",82140,0.90,28.13,30.10,5.80,4,2 Low Risk,2 Lower Middle Income
"English Language and Literature Teachers, Postsecondary",78130,1.10,14.52,40.96,5.60,4,1 Minimal Risk,2 Lower Middle Income
"Education Teachers, Postsecondary",73240,3.30,15.11,37.62,6.10,4,1 Minimal Risk,2 Lower Middle Income
Sound Engineering Technicians,59430,-0.50,55.17,31.48,4.50,4,3 Moderate Risk,2 Lower Middle Income
"Psychology Teachers, Postsecondary",82140,5.00,0.00,34.91,6.90,4,1 Minimal Risk,2 Lower Middle Income
Parking Enforcement Workers,46840,-0.40,66.59,79.81,2.10,4,4 High Risk,1 Low Income
Paramedics,53180,5.90,0.00,11.83,7.60,4,1 Minimal Risk,2 Lower Middle Income
Emergency Medical Technicians,38930,6.10,0.00,14.42,7.00,4,1 Minimal Risk,1 Low Income
Nurse Midwives,129650,7.10,0.00,21.88,8.10,4,1 Minimal Risk,4 Upper Middle Income
Dental Assistants,46540,8.40,51.40,40.45,5.50,4,3 Moderate Risk,1 Low Income
Respiratory Therapists,77960,13.10,27.04,35.06,7.30,4,2 Low Risk,2 Lower Middle Income
Recreational Therapists,57120,4.30,0.00,23.21,6.50,4,1 Minimal Risk,2 Lower Middle Income
Bartenders,31510,8.80,49.02,60.44,4.50,4,3 Moderate Risk,1 Low Income
Nursing Assistants,38200,4.40,47.55,38.14,4.90,4,3 Moderate Risk,1 Low Income
Amusement and Recreation Attendants,29390,4.50,75.53,36.61,4.20,4,4 High Risk,1 Low Income
Massage Therapists,55310,17.70,20.55,29.74,7.00,4,2 Low Risk,2 Lower Middle Income
Choreographers,52000,5.30,0.00,22.12,6.50,4,1 Minimal Risk,2 Lower Middle Income
Private Detectives and Investigators,49540,5.00,62.31,27.88,5.00,4,4 High Risk,1 Low Income
Landscaping and Groundskeeping Workers,37360,5.10,83.64,41.61,4.00,4,5 Imminent Risk,1 Low Income
Sales Engineers,116950,6.30,43.78,32.34,7.20,4,3 Moderate Risk,3 Middle Income
Real Estate Sales Agents,54300,1.80,35.14,52.42,4.70,4,2 Low Risk,2 Lower Middle Income
Surgical Technologists,60610,5.80,40.15,47.01,5.50,4,3 Moderate Risk,2 Lower Middle Income
Psychiatric Technicians,39700,17.10,26.35,18.18,6.90,4,2 Low Risk,1 Low Income
"Opticians, Dispensing",44170,2.90,59.49,50.34,3.40,4,3 Moderate Risk,1 Low Income
Tree Trimmers and Pruners,49070,4.80,63.95,41.30,4.50,4,4 High Risk,1 Low Income
Maids and Housekeeping Cleaners,33450,0.80,77.70,65.90,2.50,4,4 High Risk,1 Low Income
Baristas,29540,5.70,74.23,64.58,3.40,4,4 High Risk,1 Low Income
Licensed Practical and Licensed Vocational Nurses,59730,2.60,24.49,26.15,6.30,4,2 Low Risk,2 Lower Middle Income
Bill and Account Collectors,44250,-9.50,100.00,67.58,1.80,4,5 Imminent Risk,1 Low Income
Telephone Operators,38080,-26.40,100.00,85.12,0.70,4,5 Imminent Risk,1 Low Income
Cargo and Freight Agents,48330,9.70,77.30,73.08,4.20,4,4 High Risk,1 Low Income
Receptionists and Information Clerks,35840,-0.50,100.00,83.08,1.80,4,5 Imminent Risk,1 Low Income
"Ophthalmologists, Except Pediatric",219810,4.50,9.20,17.95,7.50,4,1 Minimal Risk,5 High Income
"Painters, Construction and Maintenance",47700,4.00,53.28,40.06,4.80,4,3 Moderate Risk,1 Low Income
Construction Laborers,45300,8.20,55.60,52.19,5.20,4,3 Moderate Risk,1 Low Income
Food Cooking Machine Operators and Tenders,38550,1.00,100.00,76.00,1.40,4,5 Imminent Risk,1 Low Income
Laundry and Dry-Cleaning Workers,31050,5.50,93.05,66.22,2.90,4,5 Imminent Risk,1 Low Income
Locomotive Engineers,74770,1.30,80.10,56.48,3.40,4,5 Imminent Risk,2 Lower Middle Income
Locksmiths and Safe Repairers,48380,-9.90,52.30,34.69,3.60,4,3 Moderate Risk,1 Low Income
Geothermal Technicians,46500,3.60,49.88,60.00,4.30,4,3 Moderate Risk,1 Low Income
"Welders, Cutters, Solderers, and Brazers",48940,2.00,91.17,44.68,3.70,4,5 Imminent Risk,1 Low Income
Dental Laboratory Technicians,47690,-4.20,74.57,67.05,2.30,4,4 High Risk,1 Low Income
Machinists,50840,1.70,78.69,52.96,3.50,4,4 High Risk,2 Lower Middle Income
Textile Bleaching and Dyeing Machine Operators and Tenders,35340,-10.30,100.00,75.00,0.40,4,5 Imminent Risk,1 Low Income
"Bus Drivers, School",45660,1.00,89.53,60.19,2.80,4,5 Imminent Risk,1 Low Income
"Cleaning, Washing, and Metal Pickling Equipment Operators and Tenders",39340,4.50,100.00,80.65,2.00,4,5 Imminent Risk,1 Low Income
Jewelers and Precious Stone and Metal Workers,47450,-3.70,77.17,50.00,2.80,4,4 High Risk,1 Low Income
Railroad Conductors and Yardmasters,71130,1.90,67.29,62.35,4.00,4,4 High Risk,2 Lower Middle Income
Tire Builders,54080,3.10,100.00,73.44,2.40,4,5 Imminent Risk,2 Lower Middle Income
Computer Numerically Controlled Tool Programmers,63440,14.90,75.47,60.19,4.80,4,4 High Risk,2 Lower Middle Income
General and Operations Managers,101280,5.80,38.70,32.16,7.40,4,2 Low Risk,3 Middle Income
Telecommunications Engineering Specialists,129840,13.40,32.96,42.57,7.40,4,2 Low Risk,4 Upper Middle Income
"Fraud Examiners, Investigators and Analysts",78310,6.20,52.06,50.00,5.50,4,3 Moderate Risk,2 Lower Middle Income
Dental Hygienists,87530,9.20,43.63,35.04,7.00,4,3 Moderate Risk,3 Middle Income
"Maintenance Workers, Machinery",57350,7.80,66.28,36.39,5.60,4,4 High Risk,2 Lower Middle Income
"Hairdressers, Hairstylists, and Cosmetologists",34970,7.10,29.77,27.51,6.20,4,2 Low Risk,1 Low Income
"Secretaries and Administrative Assistants, Except Legal, Medical, and Executive",44280,-0.30,94.81,71.99,2.70,4,5 Imminent Risk,1 Low Income
"Sales Representatives, Wholesale and Manufacturing, Except Technical and Scientific Products",65630,0.70,70.53,50.78,4.00,4,4 High Risk,2 Lower Middle Income
Exercise Trainers and Group Fitness Instructors,46480,13.60,2.92,34.90,7.00,4,1 Minimal Risk,1 Low Income
Clinical Nurse Specialists,86070,6.00,0.00,23.21,8.30,4,1 Minimal Risk,3 Middle Income
Commercial and Industrial Designers,76250,3.10,47.07,31.42,5.50,4,3 Moderate Risk,2 Lower Middle Income
"Biological Science Teachers, Postsecondary",83920,8.40,5.15,36.22,7.60,4,1 Minimal Risk,2 Lower Middle Income
"Judges, Magistrate Judges, and Magistrates",148910,3.40,18.49,27.04,7.00,4,1 Minimal Risk,4 Upper Middle Income
Quality Control Analysts,58350,5.80,82.75,54.59,3.90,4,5 Imminent Risk,2 Lower Middle Income
Purchasing Managers,136380,5.10,38.47,44.38,6.30,4,2 Low Risk,4 Upper Middle Income
Fuel Cell Engineers,99510,11.00,34.66,62.50,7.20,4,2 Low Risk,3 Middle Income
Transportation Engineers,95890,6.50,7.94,30.83,8.00,4,1 Minimal Risk,3 Middle Income
Treasurers and Controllers,156100,16.50,49.18,48.86,7.00,4,3 Moderate Risk,4 Upper Middle Income
Administrative Services Managers,106470,6.20,42.70,45.08,6.50,4,3 Moderate Risk,3 Middle Income
Occupational Health and Safety Specialists,81140,14.90,10.11,32.98,8.00,4,1 Minimal Risk,2 Lower Middle Income
Sustainability Specialists,79590,5.40,23.56,33.57,7.20,4,2 Low Risk,2 Lower Middle Income
Forensic Science Technicians,64940,13.60,40.29,32.33,6.50,4,3 Moderate Risk,2 Lower Middle Income
Logisticians,79400,19.30,37.72,45.12,7.00,4,2 Low Risk,2 Lower Middle Income
Anthropologists and Archeologists,63800,7.80,0.00,18.94,7.50,4,1 Minimal Risk,2 Lower Middle Income
Natural Sciences Managers,157740,7.50,23.05,41.18,7.20,4,2 Low Risk,4 Upper Middle Income
"Environmental Scientists and Specialists, Including Health",78980,7.30,31.17,26.61,7.20,4,2 Low Risk,2 Lower Middle Income
Atmospheric and Space Scientists,92860,5.60,23.01,39.66,6.40,4,2 Low Risk,3 Middle Income
Validation Engineers,99380,12.20,56.45,48.44,6.90,4,3 Moderate Risk,3 Middle Income
Credit Counselors,48570,4.90,64.25,39.29,4.10,4,4 High Risk,1 Low Income
Medical and Health Services Managers,110680,28.50,16.32,35.25,8.20,4,1 Minimal Risk,3 Middle Income
Training and Development Managers,125040,7.30,14.48,34.54,7.60,4,1 Minimal Risk,4 Upper Middle Income
Cleaners of Vehicles and Equipment,34150,4.40,84.62,58.13,3.10,3,5 Imminent Risk,1 Low Income
Industrial Truck and Tractor Operators,44470,2.70,90.86,69.95,2.90,3,5 Imminent Risk,1 Low Income
Hoist and Winch Operators,55950,-0.50,85.99,91.67,2.90,3,5 Imminent Risk,2 Lower Middle Income
Aviation Inspectors,87290,3.90,28.91,42.65,5.70,3,2 Low Risk,3 Middle Income
Transportation Planners,95890,3.40,18.30,38.10,6.10,3,1 Minimal Risk,3 Middle Income
Advertising and Promotions Managers,131870,-2.60,31.54,37.33,5.40,3,2 Low Risk,4 Upper Middle Income
Cost Estimators,74740,-3.60,54.26,48.91,4.30,3,3 Moderate Risk,2 Lower Middle Income
Insurance Underwriters,77860,-4.00,82.72,70.19,3.10,3,5 Imminent Risk,2 Lower Middle Income
Industrial Production Managers,116970,2.80,40.16,33.72,6.30,3,3 Moderate Risk,3 Middle Income
Animal Scientists,70140,7.90,19.01,27.21,7.00,3,1 Minimal Risk,2 Lower Middle Income
Sociologists,101770,6.90,16.08,21.84,7.70,3,1 Minimal Risk,3 Middle Income
Coroners,75670,5.40,15.08,16.25,7.80,3,1 Minimal Risk,2 Lower Middle Income
Dredge Operators,50440,2.10,100.00,88.64,2.70,3,5 Imminent Risk,2 Lower Middle Income
Shoe Machine Operators and Tenders,36970,-13.60,100.00,91.01,0.70,3,5 Imminent Risk,1 Low Income
"Agents and Business Managers of Artists, Performers, and Athletes",84900,9.20,53.57,30.60,6.40,3,3 Moderate Risk,2 Lower Middle Income
"Transportation, Storage, and Distribution Managers",99200,9.00,32.33,47.85,7.00,3,2 Low Risk,3 Middle Income
"Medical Scientists, Except Epidemiologists",100890,11.50,22.36,28.13,8.20,3,2 Low Risk,3 Middle Income
Environmental Engineering Technologists and Technicians,54000,2.30,38.39,33.33,4.40,3,2 Low Risk,2 Lower Middle Income
Clinical Neuropsychologists,117750,5.00,0.00,25.83,7.60,3,1 Minimal Risk,3 Middle Income
Photonics Technicians,73500,4.40,73.07,35.00,4.80,3,4 High Risk,2 Lower Middle Income
Microsystems Engineers,111970,5.00,40.20,41.67,6.20,3,3 Moderate Risk,3 Middle Income
Geodetic Surveyors,68540,5.90,45.02,42.19,6.00,3,3 Moderate Risk,2 Lower Middle Income
Compensation and Benefits Managers,136380,2.10,46.89,63.52,4.90,3,3 Moderate Risk,4 Upper Middle Income
Probation Officers and Correctional Treatment Specialists,61800,3.60,22.42,30.49,6.10,3,2 Low Risk,2 Lower Middle Income
Aerospace Engineering and Operations Technologists and Technicians,77830,7.90,56.15,42.61,5.50,3,3 Moderate Risk,2 Lower Middle Income
"Compensation, Benefits, and Job Analysis Specialists",74530,7.00,53.32,53.33,5.50,3,3 Moderate Risk,2 Lower Middle Income
Robotics Technicians,65080,-1.20,49.68,44.68,3.80,3,3 Moderate Risk,2 Lower Middle Income
Nanosystems Engineers,111970,5.00,18.11,37.50,6.70,3,1 Minimal Risk,3 Middle Income
Health Education Specialists,62860,7.00,3.02,34.00,6.90,3,1 Minimal Risk,2 Lower Middle Income
Document Management Specialists,104920,10.80,67.57,80.00,5.80,3,4 High Risk,3 Middle Income
Web Administrators,104920,10.80,53.26,58.70,6.40,3,3 Moderate Risk,3 Middle Income
Bioinformatics Technicians,70620,6.90,62.69,57.14,4.90,3,4 High Risk,2 Lower Middle Income
Clinical Data Managers,108020,36.00,52.14,62.50,6.30,3,3 Moderate Risk,3 Middle Income
"Chemistry Teachers, Postsecondary",85810,3.40,16.90,38.64,5.80,3,1 Minimal Risk,3 Middle Income
"Computer Science Teachers, Postsecondary",96430,6.10,29.12,53.66,6.50,3,2 Low Risk,3 Middle Income
"Business Teachers, Postsecondary",97130,6.70,45.14,45.65,6.30,3,3 Moderate Risk,3 Middle Income
Epidemiologists,81390,18.80,6.71,29.84,7.50,3,1 Minimal Risk,2 Lower Middle Income
Conservation Scientists,68750,5.60,13.66,27.00,7.00,3,1 Minimal Risk,2 Lower Middle Income
Geneticists,91100,5.60,20.21,29.17,7.00,3,2 Low Risk,3 Middle Income
Automotive Engineering Technicians,64020,1.90,48.29,64.29,4.70,3,3 Moderate Risk,2 Lower Middle Income
"Engineering Teachers, Postsecondary",106910,9.20,22.60,49.46,6.70,3,2 Low Risk,3 Middle Income
Molecular and Cellular Biologists,91100,5.60,12.33,25.00,7.50,3,1 Minimal Risk,3 Middle Income
Social and Human Service Assistants,41410,7.90,17.95,31.09,6.40,3,1 Minimal Risk,1 Low Income
Mental Health and Substance Abuse Social Workers,55960,11.60,0.00,10.87,8.00,3,1 Minimal Risk,2 Lower Middle Income
Rehabilitation Counselors,44040,1.80,16.72,31.94,5.40,3,1 Minimal Risk,1 Low Income
"Special Education Teachers, Preschool",65270,1.60,11.02,11.25,6.10,3,1 Minimal Risk,2 Lower Middle Income
Hydrologists,88770,2.80,6.65,25.00,6.30,3,1 Minimal Risk,3 Middle Income
Environmental Restoration Planners,78980,7.30,2.49,25.00,7.00,3,1 Minimal Risk,2 Lower Middle Income
Chiropractors,76530,9.90,3.96,20.53,8.00,3,1 Minimal Risk,2 Lower Middle Income
Tutors,39580,0.70,44.45,45.59,3.80,3,3 Moderate Risk,1 Low Income
"Special Education Teachers, Kindergarten",64910,-0.70,5.76,19.05,6.50,3,1 Minimal Risk,2 Lower Middle Income
Genetic Counselors,95770,16.10,28.51,33.33,7.20,3,2 Low Risk,3 Middle Income
Athletic Trainers,57930,12.70,0.00,25.60,7.50,3,1 Minimal Risk,2 Lower Middle Income
Midwives,63630,5.80,0.00,15.97,7.40,3,1 Minimal Risk,2 Lower Middle Income
"Criminal Justice and Law Enforcement Teachers, Postsecondary",69030,2.90,32.37,30.88,5.50,3,2 Low Risk,2 Lower Middle Income
"Law Teachers, Postsecondary",127360,2.20,31.69,32.35,6.30,3,2 Low Risk,4 Upper Middle Income
"Library Science Teachers, Postsecondary",80310,4.20,26.77,0.00,5.60,3,2 Low Risk,2 Lower Middle Income
Animal Control Workers,43170,4.90,38.72,36.54,4.40,3,2 Low Risk,1 Low Income
Neurodiagnostic Technologists,47470,7.00,53.35,38.89,5.20,3,3 Moderate Risk,1 Low Income
"Child, Family, and School Social Workers",53940,4.90,10.92,18.40,7.10,3,1 Minimal Risk,2 Lower Middle Income
Instructional Coordinators,74620,1.80,19.22,36.46,6.10,3,1 Minimal Risk,2 Lower Middle Income
Media Programming Directors,82510,8.00,38.76,67.50,6.80,3,2 Low Risk,2 Lower Middle Income
Set and Exhibit Designers,59490,5.10,13.02,33.33,5.70,3,1 Minimal Risk,2 Lower Middle Income
"Career/Technical Education Teachers, Secondary School",65130,-0.80,8.15,31.50,5.70,3,1 Minimal Risk,2 Lower Middle Income
Nuclear Medicine Technologists,92500,-1.30,49.99,34.30,4.70,3,3 Moderate Risk,3 Middle Income
Preventive Medicine Physicians,236000,3.90,0.00,42.31,7.30,3,1 Minimal Risk,5 High Income
"Communications Teachers, Postsecondary",79910,3.30,15.22,54.55,5.90,3,1 Minimal Risk,2 Lower Middle Income
Cardiovascular Technologists and Technicians,66170,4.20,56.32,38.10,5.10,3,3 Moderate Risk,2 Lower Middle Income
Physical Medicine and Rehabilitation Physicians,236000,3.90,0.00,25.74,8.20,3,1 Minimal Risk,5 High Income
Music Therapists,63650,11.80,0.00,37.79,7.00,3,1 Minimal Risk,2 Lower Middle Income
"Sales Representatives, Wholesale and Manufacturing, Technical and Scientific Products",99710,3.10,62.99,38.12,5.80,3,4 High Risk,3 Middle Income
Broadcast Technicians,57690,0.10,62.01,59.82,3.20,3,4 High Risk,2 Lower Middle Income
Audio and Video Technicians,51640,5.30,45.73,37.23,5.40,3,3 Moderate Risk,2 Lower Middle Income
Orthodontists,174360,3.70,14.03,31.36,6.80,3,1 Minimal Risk,4 Upper Middle Income
Histology Technicians,60780,5.30,84.60,70.59,4.20,3,5 Imminent Risk,2 Lower Middle Income
Histotechnologists,60780,5.30,84.60,55.00,4.90,3,5 Imminent Risk,2 Lower Middle Income
Cytotechnologists,60780,5.30,93.55,73.53,3.90,3,5 Imminent Risk,2 Lower Middle Income
Magnetic Resonance Imaging Technologists,83740,8.40,50.89,44.23,6.00,3,3 Moderate Risk,2 Lower Middle Income
Correctional Officers and Jailers,53300,-6.70,35.32,36.46,4.80,3,2 Low Risk,2 Lower Middle Income
Audiologists,87740,10.90,12.53,71.74,6.20,3,1 Minimal Risk,3 Middle Income
Fire Inspectors and Investigators,74160,4.50,4.15,32.69,6.70,3,1 Minimal Risk,2 Lower Middle Income
Hearing Aid Specialists,58670,14.90,48.94,48.08,5.50,3,3 Moderate Risk,2 Lower Middle Income
Exercise Physiologists,54860,10.40,4.17,39.77,6.40,3,1 Minimal Risk,2 Lower Middle Income
"Postal Service Mail Sorters, Processors, and Processing Machine Operators",53440,-7.90,100.00,72.37,2.20,3,5 Imminent Risk,2 Lower Middle Income
"Cooks, Fast Food",29260,-13.70,100.00,75.57,1.40,3,5 Imminent Risk,1 Low Income
Transportation Security Screeners,50020,0.90,61.73,62.50,3.60,3,4 High Risk,2 Lower Middle Income
Radiation Therapists,98300,3.10,32.21,39.22,5.60,3,2 Low Risk,3 Middle Income
Allergists and Immunologists,236000,3.90,7.73,32.50,7.80,3,1 Minimal Risk,5 High Income
Veterinary Technologists and Technicians,43740,19.30,31.61,23.01,6.90,3,2 Low Risk,1 Low Income
Pest Control Workers,43470,7.00,49.66,26.33,5.70,3,3 Moderate Risk,1 Low Income
Food Preparation Workers,32420,-3.80,75.71,69.53,2.20,3,4 High Risk,1 Low Income
Crossing Guards and Flaggers,36370,4.50,92.63,72.44,2.50,3,5 Imminent Risk,1 Low Income
Postal Service Clerks,59570,-3.00,86.58,84.02,2.30,3,5 Imminent Risk,2 Lower Middle Income
Travel Agents,47410,3.40,80.79,68.57,2.90,3,5 Imminent Risk,1 Low Income
Medical Records Specialists,48780,8.70,97.09,67.97,3.80,3,5 Imminent Risk,1 Low Income
Helpers--Roofers,38620,5.60,36.78,46.88,4.30,3,2 Low Risk,1 Low Income
"Helpers--Pipelayers, Plumbers, Pipefitters, and Steamfitters",37650,5.90,52.60,21.77,5.60,3,3 Moderate Risk,1 Low Income
Bailiffs,53040,-1.40,56.40,26.25,4.50,3,3 Moderate Risk,2 Lower Middle Income
Animal Caretakers,31200,16.60,56.04,30.87,5.60,3,3 Moderate Risk,1 Low Income
Animal Trainers,38810,6.40,16.34,25.00,6.00,3,1 Minimal Risk,1 Low Income
Motion Picture Projectionists,35160,-5.00,100.00,70.69,0.90,3,5 Imminent Risk,1 Low Income
Freight Forwarders,48330,9.70,83.90,59.15,4.20,3,5 Imminent Risk,1 Low Income
"Interviewers, Except Eligibility and Loan",40300,-9.90,64.67,64.58,2.90,3,4 High Risk,1 Low Income
"Eligibility Interviewers, Government Programs",50270,3.10,74.73,68.75,3.10,3,4 High Risk,2 Lower Middle Income
"Human Resources Assistants, Except Payroll and Timekeeping",47710,-4.80,80.24,65.91,2.60,3,5 Imminent Risk,1 Low Income
Tellers,37640,-14.70,87.43,88.05,1.70,3,5 Imminent Risk,1 Low Income
Procurement Clerks,46670,-6.70,86.62,62.16,2.10,3,5 Imminent Risk,1 Low Income
"Maintenance and Repair Workers, General",46700,5.10,36.86,33.61,5.60,3,2 Low Risk,1 Low Income
"Production, Planning, and Expediting Clerks",53900,4.90,100.00,76.82,3.30,3,5 Imminent Risk,2 Lower Middle Income
"Office Clerks, General",40480,-5.60,99.45,77.83,1.80,3,5 Imminent Risk,1 Low Income
Proofreaders and Copy Markers,48790,-3.40,100.00,70.60,1.60,3,5 Imminent Risk,1 Low Income
Desktop Publishers,51290,-13.40,69.76,55.77,2.00,3,4 High Risk,2 Lower Middle Income
Word Processors and Typists,46450,-38.00,100.00,81.45,1.30,3,5 Imminent Risk,1 Low Income
Urologists,236000,3.90,0.00,21.74,8.50,3,1 Minimal Risk,5 High Income
Telecommunications Line Installers and Repairers,64640,-2.70,49.17,35.48,4.60,3,3 Moderate Risk,2 Lower Middle Income
Executive Secretaries and Executive Administrative Assistants,70310,0.20,71.96,60.27,3.90,3,4 High Risk,2 Lower Middle Income
Logging Equipment Operators,48240,-3.80,96.13,58.82,2.10,3,5 Imminent Risk,1 Low Income
"Floor Layers, Except Carpet, Wood, and Hard Tiles",48840,10.10,44.94,52.50,5.00,3,3 Moderate Risk,1 Low Income
Stonemasons,51830,-3.60,24.98,52.66,3.70,3,2 Low Risk,2 Lower Middle Income
Agricultural Equipment Operators,39690,8.40,93.56,81.82,3.90,3,5 Imminent Risk,1 Low Income
"Telecommunications Equipment Installers and Repairers, Except Line Installers",61270,-3.40,45.49,37.00,5.00,3,3 Moderate Risk,2 Lower Middle Income
Boilermakers,71140,-1.20,41.96,34.46,4.60,3,3 Moderate Risk,2 Lower Middle Income
"Electric Motor, Power Tool, and Related Repairers",49230,5.00,49.33,52.50,4.00,3,3 Moderate Risk,1 Low Income
Continuous Mining Machine Operators,61420,-1.80,75.10,59.21,2.90,3,4 High Risk,2 Lower Middle Income
Helpers--Carpenters,39380,-3.00,57.40,61.72,2.20,3,3 Moderate Risk,1 Low Income
Paperhangers,48460,5.70,67.24,77.50,4.10,3,4 High Risk,1 Low Income
Industrial Machinery Mechanics,61420,17.20,63.15,38.39,6.20,3,4 High Risk,2 Lower Middle Income
Motorcycle Mechanics,46270,2.50,48.21,42.46,3.80,3,3 Moderate Risk,1 Low Income
Rail Car Repairers,65030,4.40,60.42,53.89,4.20,3,4 High Risk,2 Lower Middle Income
Automotive Body and Related Repairers,48740,1.30,48.36,41.29,4.40,3,3 Moderate Risk,1 Low Income
Slaughterers and Meat Packers,38160,1.40,100.00,68.60,1.90,3,5 Imminent Risk,1 Low Income
"Pressers, Textile, Garment, and Related Materials",32240,-12.00,100.00,76.25,0.80,3,5 Imminent Risk,1 Low Income
Print Binding and Finishing Workers,38100,-17.50,92.07,84.38,1.30,3,5 Imminent Risk,1 Low Income
Printing Press Operators,41860,-9.50,77.56,70.96,1.90,3,4 High Risk,1 Low Income
Farm Equipment Mechanics and Service Technicians,49210,11.40,43.56,38.33,5.80,3,3 Moderate Risk,1 Low Income
Bus and Truck Mechanics and Diesel Engine Specialists,58970,2.80,52.20,30.42,5.30,3,3 Moderate Risk,2 Lower Middle Income
Riggers,56220,4.90,60.03,43.33,4.40,3,4 High Risk,2 Lower Middle Income
Manufactured Building and Mobile Home Installers,38980,-19.60,0.00,33.93,3.60,3,1 Minimal Risk,1 Low Income
First-Line Supervisors of Production and Operating Workers,65930,0.60,46.33,54.63,4.50,3,3 Moderate Risk,2 Lower Middle Income
"Tool Grinders, Filers, and Sharpeners",46410,-7.80,100.00,75.00,1.80,3,5 Imminent Risk,1 Low Income
Musical Instrument Repairers and Tuners,42800,1.50,54.33,35.66,3.40,3,3 Moderate Risk,1 Low Income
"Welding, Soldering, and Brazing Machine Setters, Operators, and Tenders",45350,-8.90,86.22,54.76,1.90,3,5 Imminent Risk,1 Low Income
Watch and Clock Repairers,58140,0.00,92.76,41.67,3.20,3,5 Imminent Risk,2 Lower Middle Income
Gem and Diamond Workers,47450,-3.70,100.00,80.00,2.60,3,5 Imminent Risk,1 Low Income
"Milling and Planing Machine Setters, Operators, and Tenders, Metal and Plastic",47200,-12.90,100.00,80.95,1.00,3,5 Imminent Risk,1 Low Income
Recycling Coordinators,60510,5.30,53.52,65.00,5.40,3,3 Moderate Risk,2 Lower Middle Income
Aircraft Cargo Handling Supervisors,58920,7.70,45.87,35.00,5.30,3,3 Moderate Risk,2 Lower Middle Income
Helpers--Production Workers,36700,-8.30,100.00,76.19,1.10,3,5 Imminent Risk,1 Low Income
Sewing Machine Operators,34440,-13.20,100.00,69.87,1.30,3,5 Imminent Risk,1 Low Income
"Drilling and Boring Machine Tool Setters, Operators, and Tenders, Metal and Plastic",44620,-19.20,100.00,67.86,1.80,3,5 Imminent Risk,1 Low Income
Biomass Plant Technicians,97010,-9.40,70.36,53.57,3.90,3,4 High Risk,3 Middle Income
Power Distributors and Dispatchers,104750,-1.40,52.17,47.37,4.40,3,3 Moderate Risk,3 Middle Income
Power Plant Operators,97010,-9.40,78.62,52.08,3.70,3,4 High Risk,3 Middle Income
"Tailors, Dressmakers, and Custom Sewers",36650,-6.50,84.86,52.55,1.60,3,5 Imminent Risk,1 Low Income
"Multiple Machine Tool Setters, Operators, and Tenders, Metal and Plastic",41600,1.80,74.30,64.42,2.40,3,4 High Risk,1 Low Income
"Molding, Coremaking, and Casting Machine Setters, Operators, and Tenders, Metal and Plastic",38870,-2.50,95.58,75.00,1.80,3,5 Imminent Risk,1 Low Income
"Bus Drivers, Transit and Intercity",60170,5.20,91.98,58.57,4.10,3,5 Imminent Risk,2 Lower Middle Income
"Coating, Painting, and Spraying Machine Setters, Operators, and Tenders",45560,1.20,87.15,86.11,3.20,3,5 Imminent Risk,1 Low Income
"Stone Cutters and Carvers, Manufacturing",43310,5.30,61.54,62.50,4.20,3,4 High Risk,1 Low Income
"Patternmakers, Wood",48630,-13.50,76.82,79.55,2.50,3,4 High Risk,1 Low Income
Furniture Finishers,39790,-1.60,57.35,59.62,2.70,3,3 Moderate Risk,1 Low Income
"Railroad Brake, Signal, and Switch Operators and Locomotive Firers",63540,1.50,86.53,68.75,3.20,3,5 Imminent Risk,2 Lower Middle Income
"Inspectors, Testers, Sorters, Samplers, and Weighers",45850,-3.00,85.64,65.38,2.50,3,5 Imminent Risk,1 Low Income
Automotive and Watercraft Service Attendants,33820,-0.10,69.88,50.00,2.50,3,4 High Risk,1 Low Income
"Captains, Mates, and Pilots of Water Vessels",88730,2.30,33.96,38.68,5.50,3,2 Low Risk,3 Middle Income
Traffic Technicians,52240,4.20,61.16,67.65,3.20,3,4 High Risk,2 Lower Middle Income
Subway and Streetcar Operators,84270,4.20,80.71,74.52,3.60,3,5 Imminent Risk,2 Lower Middle Income
Computer Numerically Controlled Tool Operators,48550,-9.20,87.05,55.56,2.50,3,5 Imminent Risk,1 Low Income
Water and Wastewater Treatment Plant and System Operators,54890,-6.00,59.24,37.31,4.20,3,3 Moderate Risk,2 Lower Middle Income
Dietetic Technicians,36520,4.30,38.62,54.17,4.10,3,2 Low Risk,1 Low Income
"Umpires, Referees, and Other Sports Officials",35820,10.40,66.10,66.42,3.30,3,4 High Risk,1 Low Income
Media Technical Directors/Managers,82510,8.00,56.56,61.96,5.80,3,3 Moderate Risk,2 Lower Middle Income
"Meat, Poultry, and Fish Cutters and Trimmers",36300,4.70,91.29,64.29,2.60,3,5 Imminent Risk,1 Low Income
Childcare Workers,30370,-1.30,32.38,19.55,4.80,3,2 Low Risk,1 Low Income
Nannies,30370,-1.30,23.68,19.05,5.10,3,2 Low Risk,1 Low Income
Cabinetmakers and Bench Carpenters,43260,-2.70,64.65,47.62,3.20,3,4 High Risk,1 Low Income
"Sewers, Hand",32240,-12.20,94.46,75.33,0.70,3,5 Imminent Risk,1 Low Income
"Electronic Equipment Installers and Repairers, Motor Vehicles",45570,-13.20,43.00,50.00,3.00,3,3 Moderate Risk,1 Low Income
"Lathe and Turning Machine Tool Setters, Operators, and Tenders, Metal and Plastic",47110,-11.40,100.00,51.56,1.80,3,5 Imminent Risk,1 Low Income
Engine and Other Machine Assemblers,50270,-21.30,87.20,70.65,2.00,3,5 Imminent Risk,2 Lower Middle Income
Public Relations Specialists,66750,6.20,22.39,26.48,7.40,3,2 Low Risk,2 Lower Middle Income
Mechanical Door Repairers,48650,11.40,45.43,50.00,5.50,3,3 Moderate Risk,1 Low Income
"Teaching Assistants, All Other",35550,-0.60,56.15,59.62,3.60,3,3 Moderate Risk,1 Low Income
"Pourers and Casters, Metal",48690,-6.70,87.85,65.63,2.20,3,5 Imminent Risk,1 Low Income
Curators,61750,12.20,6.11,16.42,7.50,3,1 Minimal Risk,2 Lower Middle Income
Manicurists and Pedicurists,34250,11.80,81.06,45.98,4.20,3,5 Imminent Risk,1 Low Income
"Electrical and Electronics Repairers, Powerhouse, Substation, and Relay",96600,0.80,41.79,49.17,4.80,3,3 Moderate Risk,3 Middle Income
"Radio, Cellular, and Tower Equipment Installers and Repairers",61310,6.80,36.37,29.03,6.20,3,2 Low Risk,2 Lower Middle Income
Roofers,50030,5.80,31.79,39.02,5.50,3,2 Low Risk,2 Lower Middle Income
"Insulation Workers, Floor, Ceiling, and Wall",47540,2.70,57.09,51.92,4.00,3,3 Moderate Risk,1 Low Income
Tile and Stone Setters,48910,10.40,45.26,28.13,6.20,3,3 Moderate Risk,1 Low Income
Statistical Assistants,50510,0.20,74.42,75.00,2.00,3,4 High Risk,2 Lower Middle Income
"Rock Splitters, Quarry",46530,2.80,92.09,94.64,2.70,3,5 Imminent Risk,1 Low Income
Neuropsychologists,117750,5.00,0.00,22.95,7.80,3,1 Minimal Risk,3 Middle Income
Payroll and Timekeeping Clerks,52240,-15.10,100.00,79.17,1.80,3,5 Imminent Risk,2 Lower Middle Income
Hospitalists,236000,3.90,0.00,28.33,8.20,3,1 Minimal Risk,5 High Income
Medical Transcriptionists,37060,-4.70,100.00,75.82,1.30,3,5 Imminent Risk,1 Low Income
Physical Therapist Assistants,64080,25.40,14.89,34.32,7.30,3,1 Minimal Risk,2 Lower Middle Income
Ophthalmic Medical Technicians,41780,14.10,61.06,42.50,4.80,3,4 High Risk,1 Low Income
Orthotists and Prosthetists,78100,15.10,1.78,33.33,7.30,3,1 Minimal Risk,2 Lower Middle Income
Broadcast Announcers and Radio Disc Jockeys,44890,-4.00,59.83,42.89,3.00,3,3 Moderate Risk,1 Low Income
"Lifeguards, Ski Patrol, and Other Recreational Protective Service Workers",30380,6.80,35.65,25.79,5.80,3,2 Low Risk,1 Low Income
Chemical Technicians,56750,5.50,68.06,52.74,4.40,3,4 High Risk,2 Lower Middle Income
Climate Change Policy Analysts,78980,7.30,34.17,31.25,6.30,3,2 Low Risk,2 Lower Middle Income
Government Property Inspectors and Investigators,75670,5.40,27.83,68.18,6.40,1,2 Low Risk,2 Lower Middle Income
Brownfield Redevelopment Specialists and Site Managers,133560,5.70,11.13,25.00,7.40,1,1 Minimal Risk,4 Upper Middle Income
Cartographers and Photogrammetrists,76210,6.30,59.64,58.65,4.60,1,3 Moderate Risk,2 Lower Middle Income
Remote Sensing Technicians,58350,5.80,73.92,83.33,4.50,1,4 High Risk,2 Lower Middle Income
"Geological Technicians, Except Hydrologic Technicians",52440,3.80,69.14,46.05,3.70,1,4 High Risk,2 Lower Middle Income
"Environmental Science and Protection Technicians, Including Health",50660,7.00,31.67,35.00,5.20,1,2 Low Risk,2 Lower Middle Income
"Arbitrators, Mediators, and Conciliators",71540,6.10,50.14,28.85,5.80,1,3 Moderate Risk,2 Lower Middle Income
Home Health Aides,33530,20.70,37.00,30.36,5.60,1,2 Low Risk,1 Low Income
"Agricultural Sciences Teachers, Postsecondary",85260,4.80,3.54,35.71,6.20,1,1 Minimal Risk,3 Middle Income
"Nursing Instructors and Teachers, Postsecondary",80780,17.90,0.00,42.65,7.50,1,1 Minimal Risk,2 Lower Middle Income
"Forestry and Conservation Science Teachers, Postsecondary",101650,5.00,8.38,25.00,6.10,1,1 Minimal Risk,3 Middle Income
"Sociology Teachers, Postsecondary",82670,3.40,22.91,25.00,5.50,1,2 Low Risk,2 Lower Middle Income
"Economics Teachers, Postsecondary",115300,3.50,53.17,35.29,5.70,1,3 Moderate Risk,3 Middle Income
Customs and Border Protection Officers,72280,3.90,42.18,39.81,5.80,1,3 Moderate Risk,2 Lower Middle Income
Ophthalmic Medical Technologists,47470,7.00,55.69,37.50,5.20,1,3 Moderate Risk,1 Low Income
"Teaching Assistants, Special Education",35550,-0.60,56.15,36.36,4.00,1,3 Moderate Risk,1 Low Income
"Special Education Teachers, Middle School",66600,-0.90,15.43,16.07,5.00,1,1 Minimal Risk,2 Lower Middle Income
Adapted Physical Education Specialists,67190,2.10,0.00,20.45,5.80,1,1 Minimal Risk,2 Lower Middle Income
Police Identification and Records Officers,91100,2.30,53.69,44.23,5.10,1,3 Moderate Risk,3 Middle Income
First-Line Supervisors of Firefighting and Prevention Workers,86220,4.20,0.00,26.32,7.50,1,1 Minimal Risk,3 Middle Income
Veterinary Assistants and Laboratory Animal Caretakers,36440,19.40,51.81,28.06,5.80,1,3 Moderate Risk,1 Low Income
Pharmacy Aides,36200,0.90,73.39,56.52,2.20,1,4 High Risk,1 Low Income
Medical Equipment Preparers,45280,5.70,73.93,58.93,4.10,1,4 High Risk,1 Low Income
First-Line Supervisors of Gambling Services Workers,61210,5.20,58.94,83.33,4.80,1,3 Moderate Risk,2 Lower Middle Income
"Locker Room, Coatroom, and Dressing Room Attendants",33450,8.00,90.97,73.53,2.70,1,5 Imminent Risk,1 Low Income
"Shipping, Receiving, and Inventory Clerks",39780,-7.60,86.39,71.55,2.00,1,5 Imminent Risk,1 Low Income
"Pesticide Handlers, Sprayers, and Applicators, Vegetation",44070,5.10,71.52,61.84,3.20,1,4 High Risk,1 Low Income
First-Line Supervisors of Housekeeping and Janitorial Workers,46650,4.00,50.21,55.00,4.30,1,3 Moderate Risk,1 Low Income
Dining Room and Cafeteria Attendants and Bartender Helpers,31180,8.30,69.48,56.52,3.90,1,4 High Risk,1 Low Income
First-Line Supervisors of Food Preparation and Serving Workers,38520,6.30,46.90,50.00,4.90,1,3 Moderate Risk,1 Low Income
Demonstrators and Product Promoters,36970,4.90,59.09,42.31,3.80,1,3 Moderate Risk,1 Low Income
First-Line Supervisors of Personal Service Workers,46690,10.10,29.86,25.00,5.50,1,2 Low Risk,1 Low Income
"Credit Authorizers, Checkers, and Clerks",48000,-5.20,100.00,79.69,1.60,1,5 Imminent Risk,1 Low Income
"Switchboard Operators, Including Answering Service",36750,-25.20,100.00,82.14,0.90,1,5 Imminent Risk,1 Low Income
Agricultural Inspectors,48010,3.90,57.83,55.77,3.20,1,3 Moderate Risk,1 Low Income
Parts Salespersons,36860,1.20,54.91,72.50,2.90,1,3 Moderate Risk,1 Low Income
Insurance Claims and Policy Processing Clerks,46900,-3.90,100.00,74.11,1.80,1,5 Imminent Risk,1 Low Income
Camera and Photographic Equipment Repairers,46850,-16.90,82.45,76.92,2.00,1,5 Imminent Risk,1 Low Income
Pile Driver Operators,63550,4.60,74.32,72.73,3.40,1,4 High Risk,2 Lower Middle Income
Solar Energy Installation Managers,76760,5.90,15.36,37.50,7.00,1,1 Minimal Risk,2 Lower Middle Income
Electrical Power-Line Installers and Repairers,85420,7.60,32.28,22.50,7.80,1,2 Low Risk,3 Middle Income
"Excavating and Loading Machine and Dragline Operators, Surface Mining",50050,-0.80,63.52,50.00,3.20,1,4 High Risk,2 Lower Middle Income
"Helpers--Painters, Paperhangers, Plasterers, and Stucco Masons",37010,1.90,71.89,64.71,2.10,1,4 High Risk,1 Low Income
Elevator and Escalator Installers and Repairers,102420,5.70,36.40,23.31,7.00,1,2 Low Risk,3 Middle Income
"Service Unit Operators, Oil and Gas",55750,2.10,40.72,46.15,4.40,1,3 Moderate Risk,2 Lower Middle Income
"Rotary Drill Operators, Oil and Gas",61770,2.20,48.47,51.92,4.40,1,3 Moderate Risk,2 Lower Middle Income
"Derrick Operators, Oil and Gas",58210,3.10,54.87,56.82,3.90,1,3 Moderate Risk,2 Lower Middle Income
Septic Tank Servicers and Sewer Pipe Cleaners,46910,8.10,56.64,37.50,5.00,1,3 Moderate Risk,1 Low Income
Tire Repairers and Changers,35790,5.30,79.86,52.38,3.50,1,4 High Risk,1 Low Income
Motorboat Mechanics and Service Technicians,49990,6.70,62.87,39.29,4.80,1,4 High Risk,1 Low Income
Automotive Glass Installers and Repairers,45320,2.00,74.98,54.17,2.90,1,4 High Risk,1 Low Income
Timing Device Assemblers and Adjusters,48840,-16.30,100.00,85.71,2.00,1,5 Imminent Risk,1 Low Income
"Grinding and Polishing Workers, Hand",38940,-17.80,86.61,86.46,1.00,1,5 Imminent Risk,1 Low Income
Chemical Equipment Operators and Tenders,51720,-5.40,79.95,84.38,3.30,1,4 High Risk,2 Lower Middle Income
"Textile Knitting and Weaving Machine Setters, Operators, and Tenders",37130,-11.80,100.00,70.83,1.10,1,5 Imminent Risk,1 Low Income
Foundry Mold and Coremakers,44300,-24.60,93.73,61.11,2.10,1,5 Imminent Risk,1 Low Income
"Patternmakers, Metal and Plastic",49670,-22.20,98.97,95.00,2.00,1,5 Imminent Risk,1 Low Income
Biofuels Processing Technicians,56940,3.20,68.49,62.50,3.80,1,4 High Risk,2 Lower Middle Income
Stationary Engineers and Boiler Operators,67640,4.10,43.87,54.88,4.60,1,3 Moderate Risk,2 Lower Middle Income
Cooling and Freezing Equipment Operators and Tenders,42420,9.40,75.83,52.08,3.80,1,4 High Risk,1 Low Income
Museum Technicians and Conservators,48670,10.70,39.79,30.61,6.00,1,2 Low Risk,1 Low Income
Tour Guides and Escorts,36060,9.50,59.31,54.21,4.00,1,3 Moderate Risk,1 Low Income
Baggage Porters and Bellhops,34840,0.50,58.84,59.62,2.80,1,3 Moderate Risk,1 Low Income
"Textile Cutting Machine Setters, Operators, and Tenders",36620,-11.70,100.00,64.47,0.80,1,5 Imminent Risk,1 Low Income
Prepress Technicians and Workers,45070,-18.50,91.93,75.89,1.40,1,5 Imminent Risk,1 Low Income
"Mobile Heavy Equipment Mechanics, Except Engines",61900,8.50,45.93,29.17,6.80,1,3 Moderate Risk,2 Lower Middle Income
"Electrical and Electronics Repairers, Commercial and Industrial Equipment",66680,1.20,54.87,26.83,5.30,1,3 Moderate Risk,2 Lower Middle Income
Shampooers,29530,9.50,69.81,70.83,3.70,1,4 High Risk,1 Low Income
Helpers--Extraction Workers,45520,1.80,62.54,78.13,3.00,1,4 High Risk,1 Low Income
"Helpers--Brickmasons, Blockmasons, Stonemasons, and Tile and Marble Setters",42470,-9.10,52.89,53.75,2.40,1,3 Moderate Risk,1 Low Income
First-Line Supervisors of Construction Trades and Extraction Workers,76760,5.90,16.94,32.14,7.00,1,1 Minimal Risk,2 Lower Middle Income
"Dispatchers, Except Police, Fire, and Ambulance",46860,0.20,73.00,64.62,2.70,1,4 High Risk,1 Low Income
"Roustabouts, Oil and Gas",46340,5.50,62.72,60.00,4.20,1,4 High Risk,1 Low Income
"First-Line Supervisors of Entertainment and Recreation Workers, Except Gambling Services",46060,9.10,26.63,6.25,5.70,1,2 Low Risk,1 Low Income
"Anthropology and Archeology Teachers, Postsecondary",93650,3.80,0.00,28.41,7.00,1,1 Minimal Risk,3 Middle Income
Reinforcing Iron and Rebar Workers,54850,4.20,47.34,38.89,4.90,1,3 Moderate Risk,2 Lower Middle Income
Funeral Attendants,33850,3.20,65.68,34.09,3.70,1,4 High Risk,1 Low Income
Equal Opportunity Representatives and Officers,75670,5.40,34.05,33.33,6.20,1,2 Low Risk,2 Lower Middle Income
Floor Sanders and Finishers,47760,2.50,57.28,60.71,3.40,1,3 Moderate Risk,1 Low Income
Spa Managers,57570,6.90,35.27,47.73,5.30,1,2 Low Risk,2 Lower Middle Income
"Education Administrators, Postsecondary",102610,2.90,16.08,31.42,7.00,1,1 Minimal Risk,3 Middle Income
Carpet Installers,47520,-8.90,45.17,38.24,3.60,1,3 Moderate Risk,1 Low Income
Biomass Power Plant Managers,116970,2.80,25.90,50.00,6.30,1,2 Low Risk,3 Middle Income
"Extruding, Forming, Pressing, and Compacting Machine Setters, Operators, and Tenders",42670,2.70,99.90,68.75,2.70,1,5 Imminent Risk,1 Low Income
"Education and Childcare Administrators, Preschool and Daycare",54290,-2.10,6.56,23.48,5.70,1,1 Minimal Risk,2 Lower Middle Income
Community Health Workers,48200,13.10,17.07,29.17,6.30,1,1 Minimal Risk,1 Low Income
Postmasters and Mail Superintendents,88670,-3.00,49.04,78.75,3.20,1,3 Moderate Risk,3 Middle Income
